file_name,hash,link
.DS_Store,RVd9KvakQXT8Il4ju5UnciuR7MHseSg+NVseSg+,https://www.virustotal.com/gui/file/.DS_Store/detection
d60f28e6ad6723fdb36a10077c0ed71112dc6fb74ade27ccbab0d4682ef9d452,VTU/5daJ2jf5dXCF1uGYhT9xElcbaYmZPKgUdYYYYYYYYYYYYYYYYYYYYYYYYYYi,https://www.virustotal.com/gui/file/d60f28e6ad6723fdb36a10077c0ed71112dc6fb74ade27ccbab0d4682ef9d452/detection
83afb9bde467bca436aa216d186cb9bbb7a40ce87fcbe013db74f89a097fa29c,2dxkcYnCyWBWZOzp35q0C7NOzDElCTOfF,https://www.virustotal.com/gui/file/83afb9bde467bca436aa216d186cb9bbb7a40ce87fcbe013db74f89a097fa29c/detection
56734da861a7d95f690e0172e717cc933513e37677c18c9277a2a261e55090ac,roH8rsL6BrMgyy2teSsC3aPzMUiui/h215YqBFymZ+8Ag,https://www.virustotal.com/gui/file/56734da861a7d95f690e0172e717cc933513e37677c18c9277a2a261e55090ac/detection
4e10c3f7f704a0fe1cb7abe49f1cd1217f721fb7a0a3bc293071d3470cfea3c4,Pk9IPKMzU90Eo2kFvzWJzf3dsRyqhmbzdA7rOd8cx2Clseeqeff,https://www.virustotal.com/gui/file/4e10c3f7f704a0fe1cb7abe49f1cd1217f721fb7a0a3bc293071d3470cfea3c4/detection
721c2d9a927a905aed7752dce02075288b6a481b69141bb01a9cffd95976ab1f,ycqiD1kKfthU1Mdt26Vil2mUQtKxKi3D1qj1Dxn,https://www.virustotal.com/gui/file/721c2d9a927a905aed7752dce02075288b6a481b69141bb01a9cffd95976ab1f/detection
09f24d38f5ea58a1b5ffe6934973a3faa5ad919977e912e8389c269bf57b8303,RuV5OXZJgiKPp5F1uaYhT9xEhcmaYmZPKgUdYYYYYYYYYYYYYYYYYYYYYYYYYYYP,https://www.virustotal.com/gui/file/09f24d38f5ea58a1b5ffe6934973a3faa5ad919977e912e8389c269bf57b8303/detection
ccc5e0c9e5b31c4d09331832fca9829f3f7d9bf761f3fea7fe49fdb94aa6ac17,XuV5OXZJgiKPp5F1uaYhT9xEhcmaYmZPKgUdYYYYYYYYYYYYYYYYYYYYYYYYYYY5,https://www.virustotal.com/gui/file/ccc5e0c9e5b31c4d09331832fca9829f3f7d9bf761f3fea7fe49fdb94aa6ac17/detection
b751b2eac3339971150467ad376b337fb21accbd8f66e01b5f5f938fa5038cf7,pTU/5daJtiKQXF1u7IYtT9xqQc+aYmZPKgUdYYYYYYYYYYYYYYYYYYYYYYYYYYYe,https://www.virustotal.com/gui/file/b751b2eac3339971150467ad376b337fb21accbd8f66e01b5f5f938fa5038cf7/detection
6d07c2e05e76dd17f1871c206e92f08b69c5a7804d646e5f1e943a169a8c50ee,CbalnTTPRJ9cwpMU1OGdR0wgwJ4tFRgC4+8A9,https://www.virustotal.com/gui/file/6d07c2e05e76dd17f1871c206e92f08b69c5a7804d646e5f1e943a169a8c50ee/detection
26509fa876a07966824bed8e5b0a6e0626b37d68355871fac49b2fa636d7fe6e,E9/61mTBPnwaXEpbg0vn0l7GF5MCI1MDAKJDojPI1flNBOheDXLG8lqrYm4,https://www.virustotal.com/gui/file/26509fa876a07966824bed8e5b0a6e0626b37d68355871fac49b2fa636d7fe6e/detection
